text,hashtags
RT @BellaHadidDaily: Bella and Gigi on Mohamed Hadidâ€™s instagram. https://t.co/Rl4DKGplbx,
"RT @Ayang55532413: Eggi Sudjana, Saya Paling Radikal karena memegang Akar #ILCMasjidTerpaparRadikal https://t.co/TSgC8310Ro","ILCMasjidTerpaparRadikal, "
"RT @CakKhum: ""UstadzÂ² yang di tuduh Radikal ini adalah ustadzÂ² yg tidak setuju dengan rezim yang sedang berkuasa ini, coba kalau besok sayaâ€¦",
"FIX CACAT NALAR NYA??

Hemmmm",
Top pak eggi...sangat berisi,
RT @kyallenz: Stop degrading other women just because you want to give one your praise. Donâ€™t ever compliment a woman by insulting anotherâ€¦,
RT @NabilHussein: Let's just agree both of them are prettier than you sorry not sorry https://t.co/uL5GvZtQFq,
"RT @matiaseperezz: una canciÃ³n de la champions liga JAMÃS se tiene que saltear del reproductor o de donde estes escuchando, estamos de acueâ€¦",
RT @NabilHussein: Let's just agree both of them are prettier than you sorry not sorry https://t.co/uL5GvZtQFq,
"Badan ngintel yg pakai studi Agus buat menentukan Masjid Radikal gak malu ditampol ""Ngawurisme"" sama bang Eggy?

#ILCMasjidTerpaparRadikal","ILCMasjidTerpaparRadikal, "
"RT @cintapribumi: Yg bikin study masjid terpampang radikalisme adalah orang yg cacat nalar,  dungu..
Ini bukan kerjaan intelektual.. 
Jelasâ€¦",
"RT @Surgabidadari3: Tanggapan Ustadz Tengku Zulkarnaen soal Pemahaman Radikal yg Keliru.
. 
ğŸ‡¦â€‹ğŸ‡³â€‹ğŸ‡¦â€‹ğŸ‡°â€‹ ğŸ‡²â€‹ğŸ‡®â€‹ğŸ‡±â€‹ğŸ‡ªâ€‹ğŸ‡³â€‹ğŸ‡®â€‹ğŸ‡¦â€‹ğŸ‡±â€‹ PILIH 
#ï¸âƒ£â€‹ğŸ‡µâ€‹ğŸ‡·â€‹ğŸ‡¦â€‹ğŸ‡§â€‹ğŸ‡´â€‹â€¦",
"Tuh si Romlah ngomongin Suriah lagi,Om.
ğŸ˜€
#ILCMasjidTerpaparRadikal","ILCMasjidTerpaparRadikal, "
"RT @ED_R88: @MataNajwa #MataNajwaPSSIBisaApa @NajwaShihab 
Get Well Really Soon @PSSI 
#MariBersihBersihPSSI dari 1991 gada juara timnasnyaâ€¦","MataNajwaPSSIBisaApa, MariBersihBersihPSSI, "
"RT @cintapribumi: Yg bikin study masjid terpampang radikalisme adalah orang yg cacat nalar,  dungu..
Ini bukan kerjaan intelektual.. 
Jelasâ€¦",
"RT @Surgabidadari3: Tanggapan Ustadz Tengku Zulkarnaen soal Pemahaman Radikal yg Keliru.
. 
ğŸ‡¦â€‹ğŸ‡³â€‹ğŸ‡¦â€‹ğŸ‡°â€‹ ğŸ‡²â€‹ğŸ‡®â€‹ğŸ‡±â€‹ğŸ‡ªâ€‹ğŸ‡³â€‹ğŸ‡®â€‹ğŸ‡¦â€‹ğŸ‡±â€‹ PILIH 
#ï¸âƒ£â€‹ğŸ‡µâ€‹ğŸ‡·â€‹ğŸ‡¦â€‹ğŸ‡§â€‹ğŸ‡´â€‹â€¦",
"RT @imam_nahrawi: Mbak @najwashihab saya izin ikut upload ya. Semoga bisa jadi hasil baik untuk kemajuan sepakbola Indonesia. 

#MataNajwaPâ€¦",
RT @ILCtv1: #ILCMasjidTerpaparRadikal | Bang @Eggisudjana_ https://t.co/C4100GxJLn,"ILCMasjidTerpaparRadikal, "
"Penelitian abal"" yg  membuat pendangkalan akidah,
Gw gak mau milih pemimpin non muslim = gw radikal, TERLUCU #ILCMasjidTerpaparRadikal","ILCMasjidTerpaparRadikal, "
"Kok yg ngurus negara pada jadi dunguÂ² tolol gitu ya...
Karena ga sejalan dgn @jokowi di bilang radikal 

#ILCMasjidTerpaparRadikal","ILCMasjidTerpaparRadikal, "
"RT @CakKhum: ""Sekelas BIN percaya penelitian ini, penelitian ini enggak laku kalau di Universitas Sumatera Utara, di buang di tong sampah,""â€¦",
"RT @CakKhum: ""Sekelas BIN percaya penelitian ini, penelitian ini enggak laku kalau di Universitas Sumatera Utara, di buang di tong sampah,""â€¦",
"RT @RajaPurwa: Guntur Romli dah ngoceh dari A ampe Z,  ehhh ditutup ama @karniilyas , orang yang tidak mampu menjelaskan dengan bahasa sedeâ€¦",
"RT @cintapribumi: Yg bikin study masjid terpampang radikalisme adalah orang yg cacat nalar,  dungu..
Ini bukan kerjaan intelektual.. 
Jelasâ€¦",
Mending pulang pak. Drpd di bully teruz. #ILCMasjidTerpaparRadikal,"ILCMasjidTerpaparRadikal, "
"RT @Futbool_Fotos: Gennaro Gattuso sorprendiÃ³ el dÃ­a de ayer a Anna, una abuelita de 100 aÃ±os que ha apoyado al AC MilÃ¡n en las buenas (15â€¦",
"Penjelasan Bang Eggi Top Markotop! 
#ILCMasjidTerpaparRadikal","ILCMasjidTerpaparRadikal, "
Jadwal Juventus Vs Valencia di Liga Champions 2018 https://t.co/wsx6nauaKY via @YouTube,
"RT @Maulana_Tigor: Gak bosan mendengar paparan dari Ust @ustadtengkuzul .
Apalagi statement terakhir,Jangan pilih Caleg yg pelihara Anjing.â€¦",
"RT @cintapribumi: Yg bikin study masjid terpampang radikalisme adalah orang yg cacat nalar,  dungu..
Ini bukan kerjaan intelektual.. 
Jelasâ€¦",
"Indonesia di bndingin suriah
..ide dongok.",
"RT @RajaPurwa: Calon anggota DPR yang ditembak @ustadtengkuzul :-)

#ILCMasjidTerpaparRadikal https://t.co/h9NdaPcwAx","ILCMasjidTerpaparRadikal, "
"RT @ILCtv1: #ILCMasjidTerpaparRadikal | 2 HARI LAGI, vote skrg! #PGA2018 @PGAwards @karniilyas https://t.co/XIEhKvHVqU","ILCMasjidTerpaparRadikal, PGA2018, "
RT @NabilHussein: Let's just agree both of them are prettier than you sorry not sorry https://t.co/uL5GvZtQFq,
"RT @iLham_Droiders: Tidak setuju pemimpin non-muslim, apapun alasannya sekalipun kita ikut dalil Quran dan Sunnah, dicap Radikal sama P3M
Lâ€¦",
"#ILCMasjidTerpaparRadikal
Stop radikalisme didalam masjid dan ujaran kebencian","ILCMasjidTerpaparRadikal, "
RT @Hendrik_smd: Gamlang bicaranya pak JK #ILCMasjidTerpaparRadikal https://t.co/iPqhewCUKF,"ILCMasjidTerpaparRadikal, "
RT @NabilHussein: Let's just agree both of them are prettier than you sorry not sorry https://t.co/uL5GvZtQFq,
@kanghakeem Top ya?.. ğŸ˜ #ILCMasjidTerpaparRadikal,"ILCMasjidTerpaparRadikal, "
"RT @febrii_r: â€œdonâ€™t put religion onto politics!â€, they said? #ILCMasjidTerpaparRadikal https://t.co/UUKJvrXxo6","ILCMasjidTerpaparRadikal, "
Beberapa gambar yang sudah dibuat netizen menanggapi tagar #MataNajwaPSSIBisaApa https://t.co/XswQ8cCPsw,"MataNajwaPSSIBisaApa, "
"RT @JH_talk_2_U: Dari zaman bung Karno sampai era pak SBY tidak pernah ada tudingan Mesjid Terpapar Radikal.
Hanya Era rezim Jkw ini ada stâ€¦",
RT @Uyiq2: @MbahUyok pak JK sdh clear. kesimpulan radikal radikul itu gk jelas dn berbahaya. wes buyar! sudahi saja #ILCMasjidTerpaparRadikâ€¦,
Bella Hadid Looked Like an Actual Princess in Kuala Lumpur https://t.co/RwQMgS5kDE,
"Ngaurisme 
#ILCMasjidTerpaparRadikal","ILCMasjidTerpaparRadikal, "
"RT @CakKhum: ""Sekelas BIN percaya penelitian ini, penelitian ini enggak laku kalau di Universitas Sumatera Utara, di buang di tong sampah,""â€¦",
"RT @Maulana_Tigor: Gak bosan mendengar paparan dari Ust @ustadtengkuzul .
Apalagi statement terakhir,Jangan pilih Caleg yg pelihara Anjing.â€¦",
SEPAKAT USTADZ @ustadtengkuzul,
"RT @JH_talk_2_U: #ILCMasjidTerpaparRadikal 
Setelah ngoceh gak karuan, dia bilang solusinya â€œ jalani Islam yang rahmatan lil alaminâ€ . Tapiâ€¦","ILCMasjidTerpaparRadikal, "
RT @el_nonymous: Radio pagi ini: Kemendikbud akan menghidupkan kembali pelajaran Pendidikan Moral Pancasila untuk mencegah paham radikalismâ€¦,
"RT @MbahUyok: Itu LP3M yg jd sumber Badan Ngintel kita untuk menyebut Masjid Radikal.?
Alakazaaam... Ngasih penjelasan aja aa au gitu...
#Iâ€¦",
RT @kyallenz: Stop degrading other women just because you want to give one your praise. Donâ€™t ever compliment a woman by insulting anotherâ€¦,
".....
Pada bagian terakhir, Menpar Arief Yahya memaparkan tentang ""Customer-Centric Organization"". #CEOMessageMenpar59","CEOMessageMenpar59, "
"........
""Generasi ini selalu berorientasi pada masa depan, maka berikanlah masa depan itu pada saat ini,"" ujar Menâ€¦ https://t.co/IzHM95gVkS",
"RT @CakKhum: ""Sekelas BIN percaya penelitian ini, penelitian ini enggak laku kalau di Universitas Sumatera Utara, di buang di tong sampah,""â€¦",
RT @ILCtv1: #ILCMasjidTerpaparRadikal | MALAM INI Pkl 20.00 WIB tvOne [Wawancara eksklusif @Pak_JK ] | Selamat menyaksikan! @karniilyas httâ€¦,"ILCMasjidTerpaparRadikal, "
"RT @RajaPurwa: Guntur Romli dah ngoceh dari A ampe Z,  ehhh ditutup ama @karniilyas , orang yang tidak mampu menjelaskan dengan bahasa sedeâ€¦",
RT @Nashryna: Bella freakinâ€™ Hadid said she loves my hair guys im cryignsjfjsjdjfh ğŸ˜­ğŸ˜­ğŸ˜­ @bellahadid https://t.co/rzEIReGcAD,
"RT @BorjaInzaRNE: QuÃ© manÃ­a de decir ""pinganillo"" cuando es auricular.
QuÃ© manÃ­a de decir ""juega con pierna"" cuando es LA pierna.
QuÃ© manÃ­aâ€¦",
"RT @Surgabidadari3: Tanggapan Ustadz Tengku Zulkarnaen soal Pemahaman Radikal yg Keliru.
. 
ğŸ‡¦â€‹ğŸ‡³â€‹ğŸ‡¦â€‹ğŸ‡°â€‹ ğŸ‡²â€‹ğŸ‡®â€‹ğŸ‡±â€‹ğŸ‡ªâ€‹ğŸ‡³â€‹ğŸ‡®â€‹ğŸ‡¦â€‹ğŸ‡±â€‹ PILIH 
#ï¸âƒ£â€‹ğŸ‡µâ€‹ğŸ‡·â€‹ğŸ‡¦â€‹ğŸ‡§â€‹ğŸ‡´â€‹â€¦",
"RT @CakKhum: ""UstadzÂ² yang di tuduh Radikal ini adalah ustadzÂ² yg tidak setuju dengan rezim yang sedang berkuasa ini, coba kalau besok sayaâ€¦",
"RT @imam_nahrawi: Mbak @najwashihab saya izin ikut upload ya. Semoga bisa jadi hasil baik untuk kemajuan sepakbola Indonesia. 

#MataNajwaPâ€¦",
RT @NabilHussein: Let's just agree both of them are prettier than you sorry not sorry https://t.co/uL5GvZtQFq,
"Sebelum Islam berjaya rosul udh kasih peringatan, ya yang waras cukup maklumin, tunggu hari pembalasan tiba #ILCMasjidTerpaparRadikal","ILCMasjidTerpaparRadikal, "
RT @NabilHussein: Let's just agree both of them are prettier than you sorry not sorry https://t.co/uL5GvZtQFq,
RT @aisssar: I know bella hadid lives on the same earth but i cannot believe that shes in kl its not realistic,
"RT @krekenegg: Masalahnya, Pak Edy tidak sehebat Van Damme ğŸ˜‚ğŸ˜‚

@MataNajwa 
#MataNajwaPSSIBisaApa https://t.co/FauyX83pMN","MataNajwaPSSIBisaApa, "
"RT @Surgabidadari3: Tanggapan Ustadz Tengku Zulkarnaen soal Pemahaman Radikal yg Keliru.
. 
ğŸ‡¦â€‹ğŸ‡³â€‹ğŸ‡¦â€‹ğŸ‡°â€‹ ğŸ‡²â€‹ğŸ‡®â€‹ğŸ‡±â€‹ğŸ‡ªâ€‹ğŸ‡³â€‹ğŸ‡®â€‹ğŸ‡¦â€‹ğŸ‡±â€‹ PILIH 
#ï¸âƒ£â€‹ğŸ‡µâ€‹ğŸ‡·â€‹ğŸ‡¦â€‹ğŸ‡§â€‹ğŸ‡´â€‹â€¦",
"RT @dikaamfa: Ketuanya sangat bersemangat seperti ini...
#MataNajwaPSSIBisaApa https://t.co/cw3OU7aKpq","MataNajwaPSSIBisaApa, "
"RT @MasPresidenBaru: Kenapa mrk tdk sekalipun menyebut para CINA GARONG super KAKAP:
- Eddy Tansil
- BLBI
- Century
- RSSW
- BusTransJkt
-â€¦",
Pendidikan Moral Pancasila,
"RT @Surgabidadari3: Tanggapan Ustadz Tengku Zulkarnaen soal Pemahaman Radikal yg Keliru.
. 
ğŸ‡¦â€‹ğŸ‡³â€‹ğŸ‡¦â€‹ğŸ‡°â€‹ ğŸ‡²â€‹ğŸ‡®â€‹ğŸ‡±â€‹ğŸ‡ªâ€‹ğŸ‡³â€‹ğŸ‡®â€‹ğŸ‡¦â€‹ğŸ‡±â€‹ PILIH 
#ï¸âƒ£â€‹ğŸ‡µâ€‹ğŸ‡·â€‹ğŸ‡¦â€‹ğŸ‡§â€‹ğŸ‡´â€‹â€¦",
"RT @madxvxntx: Sobre a garota que mostrou os peitos no baile. 

Tove Lo 
JÃºlia Peixoto 
Rihanna 
Bella Hadid 
Rita Ora
ENTRE OUTRAS.

Que mâ€¦",
RT @NabilHussein: Let's just agree both of them are prettier than you sorry not sorry https://t.co/uL5GvZtQFq,
"RT @CakKhum: ""UstadzÂ² yang di tuduh Radikal ini adalah ustadzÂ² yg tidak setuju dengan rezim yang sedang berkuasa ini, coba kalau besok sayaâ€¦",
"RT @CakKhum: ""Sekelas BIN percaya penelitian ini, penelitian ini enggak laku kalau di Universitas Sumatera Utara, di buang di tong sampah,""â€¦",
"RT @RajaPurwa: Guntur Romli dah ngoceh dari A ampe Z,  ehhh ditutup ama @karniilyas , orang yang tidak mampu menjelaskan dengan bahasa sedeâ€¦",
RT @MafiaWasit: @MataNajwa bisa ikut #MataNajwaPSSIBisaApa ga Na @NajwaShihab https://t.co/kbSHSFjBZh,"MataNajwaPSSIBisaApa, "
"Saya radikal.
Radikalis Romantis. 
Masalah?
#ILCMasjidTerpaparRadikal","ILCMasjidTerpaparRadikal, "
"naaaahhh... tercerahkan!!
orang bijak itu santai, ga pake emosi, singkat, jelas ga pake teks ğŸ˜‰",
RT @ILCtv1: #ILCMasjidTerpaparRadikal | UAS | https://t.co/I9lUM2gnzK,"ILCMasjidTerpaparRadikal, "
"@indrindru Kasian emang mbak, andaikan aja BIN ga ngutip study nya, ga bakal kyk gitu nasib si bapak. #ILCMasjidTerpaparRadikal","ILCMasjidTerpaparRadikal, "
RT @NabilHussein: Let's just agree both of them are prettier than you sorry not sorry https://t.co/uL5GvZtQFq,
RT @kyallenz: Stop degrading other women just because you want to give one your praise. Donâ€™t ever compliment a woman by insulting anotherâ€¦,
"RT @M_Ys_Plg: Seberapa radikal elooo...??
Gue sholat jum'at. 
Terus gue rekam khotbah jum'at. 
Bukan buat belajar. 
Tapi buat nentuin levelâ€¦",
"RT @CakKhum: ""UstadzÂ² yang di tuduh Radikal ini adalah ustadzÂ² yg tidak setuju dengan rezim yang sedang berkuasa ini, coba kalau besok sayaâ€¦",
"@ILCtv1 @psi_id @GunRomli @karniilyas Masih bingung?
https://t.co/RdqHy3aj6O",
Kapan nih eggi nyusul ahmad dhani? Kan sesama tukang ngawur jangan saling mendahului #ilcmasjidterpaparradikal,"ilcmasjidterpaparradikal, "
RT @rotikaya: Sedap nampak Bella Hadid makan nasi lemak ğŸ˜ https://t.co/ojbHNKkDmS,
"RT @refty_fachri: Mntap ustd tengku zul.. *Adil itu dari bhs Arab, Islam lah yg membawa keadilan di Indonesia.. Alhamdulillah nambah ilmuğŸ˜Šâ¤â€¦",
"RT @infosuporter: Mbak Najuwa kami ikutan
#MataNajwaPSSIBisaApa ya.
@MataNajwa https://t.co/RoH69SeEnX","MataNajwaPSSIBisaApa, "
RT @bellahnews: Bella Hadid via Instagram Stories. https://t.co/SvRM6C02dd,
"RT @RajaPurwa: Guntur Romli dah ngoceh dari A ampe Z,  ehhh ditutup ama @karniilyas , orang yang tidak mampu menjelaskan dengan bahasa sedeâ€¦",
"RT @Maulana_Tigor: Gak bosan mendengar paparan dari Ust @ustadtengkuzul .
Apalagi statement terakhir,Jangan pilih Caleg yg pelihara Anjing.â€¦",
"RT @Rusydi_riau: llğŸ‘‰ Yuk Kita Vote Teman2

Dear Pencinta ILC : Diskusi ILC Selasa, pkl 20.00 Malam Ini Berjudul, ""Benarkah 41 Masjid Terpapâ€¦",
"RT @MarkoFirmansyah: Caleg partai gurem lagi ngomong.
Buruk muka cermin dibelah.

Lho bukannya ente @GunRomli si buruk muka itu?

#ILCMasjiâ€¦",
"RT @RajaPurwa: Calon anggota DPR yang ditembak @ustadtengkuzul :-)

#ILCMasjidTerpaparRadikal https://t.co/h9NdaPcwAx","ILCMasjidTerpaparRadikal, "
"RT @MasPresidenBaru: Kenapa mrk tdk sekalipun menyebut para CINA GARONG super KAKAP:
- Eddy Tansil
- BLBI
- Century
- RSSW
- BusTransJkt
-â€¦",
"RT @DogelKarya82: Guntur Romli mencoba menggiring Opini Tragedi Suriah akan di bawa ke Indonesia. Ada kesamaan pola yang terjadi, Menggantiâ€¦",
"RT @Ricky_Hf: Melas bgt wajah pak Agus di rujak om EgiğŸ™ˆğŸ˜
#ILCMasjidTerpaparRadikal","ILCMasjidTerpaparRadikal, "
